<?xml version="1.0" encoding="UTF-8"?><rss version="2.0"
	xmlns:content="http://purl.org/rss/1.0/modules/content/"
	xmlns:wfw="http://wellformedweb.org/CommentAPI/"
	xmlns:dc="http://purl.org/dc/elements/1.1/"
	xmlns:atom="http://www.w3.org/2005/Atom"
	xmlns:sy="http://purl.org/rss/1.0/modules/syndication/"
	xmlns:slash="http://purl.org/rss/1.0/modules/slash/"
	>

<channel>
	<title>Bulgaristanda Avukat</title>
	<atom:link href="/avukat/tr/feed/" rel="self" type="application/rss+xml" />
	<link>/avukat/</link>
	<description>Avukat Deniz Huseyin, Plovdiv (Filibe) Barosu</description>
	<lastBuildDate>Mon, 19 Jul 2021 16:42:59 +0000</lastBuildDate>
	<language>tr</language>
	<sy:updatePeriod>
	hourly	</sy:updatePeriod>
	<sy:updateFrequency>
	1	</sy:updateFrequency>
	<generator>https://wordpress.org/?v=5.5.11</generator>

<image>
	<url>/avukat/wp-content/uploads/2018/02/cropped-logo-deniz-huseyin-2-32x32.png</url>
	<title>Bulgaristanda Avukat</title>
	<link>/avukat/</link>
	<width>32</width>
	<height>32</height>
</image> 
</channel>
</rss>
